{
  "n": 34,
  "hitAt1": 0.8823529411764706,
  "hitAt3": 0.9705882352941176,
  "hitAt5": 1,
  "mrr": 0.9225490196078432
}
